Workbook

Sheet Instrucciones
B2: Práctica de Excel — Ejercicio 2 (mismo nivel, tema distinto)
B4: Mismo objetivo que el archivo anterior: BUSCARV, el equivalente a BUSCARX con INDEX+COINCIDIR, SI, SI.CONJUNTO y tabla dinámica. Esta vez con datos de redes sociales en lugar de presupuestos de campaña, para que practiques reconocer el mismo patrón en un contexto distinto.
B6: Cómo usar este archivo:
B7: 1. Ve a la hoja 'Datos': 30 publicaciones de ejemplo en Instagram, TikTok, Facebook y X de las 4 marcas de radio.
B8: 2. Ve a la hoja 'Tabla_Redes': tu tabla de referencia (responsable, meta de interacciones y objetivo de engagement por red social).
B9: 3. Ve a la hoja 'Ejercicios': mismas 30 filas, más 6 columnas en amarillo para completar con fórmulas.
B10: 4. Compara contra 'Soluciones' cuando termines o si te atoras.
B12: Qué hace cada columna amarilla:
B13: • Responsable (BUSCARV): busca en Tabla_Redes el nombre del responsable según la Red_Social de esa fila.
B14: • Meta_Interacciones (BUSCARX / INDEX+COINCIDIR): trae la meta de interacciones de esa red social desde Tabla_Redes.
B15: • Engagement_Rate: Interacciones dividido entre Alcance. División simple.
B16: • Objetivo_Engagement (BUSCARV otra vez): trae el objetivo de engagement de esa red social.
... B27: 4. Así ves qué marca tiene mejor desempeño en cada red social — una vista que le sirve directo a tu equipo de contenido.

Sheet Datos
B1: Fecha | C1: Marca | D1: Red_Social | E1: Tipo_Contenido | F1: Alcance | G1: Interacciones | H1: Comentarios | I1: Compartidos | J1: Presupuesto_Boost
A2: 1 | B2: 46025 | C2: W Radio | D2: Instagram | E2: Post | F2: 94088 | G2: 4197 | H2: 140 | I2: 290 | J2: 0
A3: 2 | B3: 46062 | C3: LOS40 | D3: TikTok | E3: Live | F3: 45408 | G3: 3779 | H3: 170 | I3: 95 | J3: 1000
A4: 3 | B4: 46096 | C4: La KeBuena | D4: Facebook | E4: Post | F4: 141176 | G4: 3078 | H4: 183 | I4: 214 | J4: 0
A5: 4 | B5: 46133 | C5: W Deportes | D5: X | E5: Post | F5: 47433 | G5: 2764 | H5: 159 | I5: 217 | J5: 0
A6: 5 | B6: 46145 | C6: W Radio | D6: Instagram | E6: Historia | F6: 84821 | G6: 3114 | H6: 124 | I6: 84 | J6: 500
A7: 6 | B7: 46182 | C7: LOS40 | D7: TikTok | E7: Video Corto | F7: 69030 | G7: 4046 | H7: 302 | I7: 171 | J7: 1500
A8: 7 | B8: 46037 | C8: La KeBuena | D8: Facebook | E8: Post | F8: 310891 | G8: 6053 | H8: 268 | I8: 368 | J8: 1000
A9: 8 | B9: 46074 | C9: W Deportes | D9: X | E9: Hilo | F9: 259109 | G9: 15265 | H9: 942 | I9: 579 | J9: 3000
A10: 9 | B10: 46084 | C10: W Radio | D10: Instagram | E10: Reel | F10: 142976 | G10: 3022 | H10: 154 | I10: 150 | J10: 500
A11: 10 | B11: 46121 | C11: LOS40 | D11: TikTok | E11: Live | F11: 165962 | G11: 10069 | H11: 353 | I11: 510 | J11: 0
A12: 11 | B12: 46157 | C12: La KeBuena | D12: Facebook | E12: Video | F12: 94683 | G12: 8047 | H12: 478 | I12: 625 | J12: 0
A13: 12 | B13: 46194 | C13: W Deportes | D13: X | E13: Hilo | F13: 193322 | G13: 12981 | H13: 929 | I13: 711 | J13: 1000
... A31: 30 | B31: 46182 | C31: LOS40 | D31: TikTok | E31: Live | F31: 91861 | G31: 6132 | H31: 576 | I31: 401 | J31: 500

Sheet Tabla dinámica_Datos_1
A1: Suma - Interacciones | B1: Red_Social
A2: Marca | B2: Facebook | C2: Instagram | D2: TikTok | E2: X | F2: Total Resultado
A3: La KeBuena | B3: 41930 | F3: 41930
A4: LOS40 | D4: 88530 | F4: 88530
A5: W Deportes | E5: 59026 | F5: 59026
A6: W Radio | C6: 51089 | F6: 51089
A7: Total Resultado | B7: 41930 | C7: 51089 | D7: 88530 | E7: 59026 | F7: 240575

Sheet Tabla_Redes
A1: Red_Social | B1: Responsable | C1: Meta_Interacciones | D1: Objetivo_Engagement
A2: Instagram | B2: Sofía Nava | C2: 8000 | D2: 0.035
A3: TikTok | B3: Diego Marín | C3: 12000 | D3: 0.055
A4: Facebook | B4: Renata Cruz | C4: 4000 | D4: 0.02
A5: X | B5: Pablo Islas | C5: 3000 | D5: 0.018

Sheet Ejercicios
A1: ID | B1: Fecha | C1: Marca | D1: Red_Social | E1: Tipo_Contenido | F1: Alcance | G1: Interacciones | H1: Comentarios | I1: Compartidos | J1: Presupuesto_Boost | K1: Responsable | L1: Meta_Interacciones | M1: Engagement_Rate | N1: Objetivo_Engagement | O1: Cumplió_Meta | P1: Nivel_Desempeño
A2: 1 | B2: 46025 | C2: W Radio | D2: Instagram | E2: Post | F2: 94088 | G2: 4197 | H2: 140 | I2: 290 | J2: 0 | K2: =VLOOKUP(D2,Tabla_Redes!$A$2:$D$5,2,0) -> Sofía Nava | L2: =_xlfn.XLOOKUP(D2,Tabla_Redes!A:A,Tabla_Redes!C:C) -> 8000 | M2: =G2/F2 -> 0.044607176 | N2: =VLOOKUP(D2,Tabla_Redes!$A$2:$D$5,4,0) -> 0.035 | O2: =IF(G2>=L2,"si","no") -> no | P2: =_xlfn.IFS(M2>=N2*1.2,"Alto",M2>=N2*0.8,"Medio", TRUE(),"BAJO") -> Alto
A3: 2 | B3: 46062 | C3: LOS40 | D3: TikTok | E3: Live | F3: 45408 | G3: 3779 | H3: 170 | I3: 95 | J3: 1000 | K3: =VLOOKUP(D3,Tabla_Redes!$A$2:$D$5,2,0) -> Diego Marín | L3: =_xlfn.XLOOKUP(D3,Tabla_Redes!A:A,Tabla_Redes!C:C) -> 12000 | M3: =G3/F3 -> 0.083223221 | N3: =VLOOKUP(D3,Tabla_Redes!$A$2:$D$5,4,0) -> 0.055 | O3: =IF(G3>=L3,"si","no") -> no | P3: =_xlfn.IFS(M3>=N3*1.2,"Alto",M3>=N3*0.8,"Medio", TRUE(),"BAJO") -> Alto
A4: 3 | B4: 46096 | C4: La KeBuena | D4: Facebook | E4: Post | F4: 141176 | G4: 3078 | H4: 183 | I4: 214 | J4: 0 | K4: =VLOOKUP(D4,Tabla_Redes!$A$2:$D$5,2,0) -> Renata Cruz | L4: =_xlfn.XLOOKUP(D4,Tabla_Redes!A:A,Tabla_Redes!C:C) -> 4000 | M4: =G4/F4 -> 0.021802573 | N4: =VLOOKUP(D4,Tabla_Redes!$A$2:$D$5,4,0) -> 0.02 | O4: =IF(G4>=L4,"si","no") -> no | P4: =_xlfn.IFS(M4>=N4*1.2,"Alto",M4>=N4*0.8,"Medio", TRUE(),"BAJO") -> Medio
A5: 4 | B5: 46133 | C5: W Deportes | D5: X | E5: Post | F5: 47433 | G5: 2764 | H5: 159 | I5: 217 | J5: 0 | K5: =VLOOKUP(D5,Tabla_Redes!$A$2:$D$5,2,0) -> Pablo Islas | L5: =_xlfn.XLOOKUP(D5,Tabla_Redes!A:A,Tabla_Redes!C:C) -> 3000 | M5: =G5/F5 -> 0.058271667 | N5: =VLOOKUP(D5,Tabla_Redes!$A$2:$D$5,4,0) -> 0.018 | O5: =IF(G5>=L5,"si","no") -> no | P5: =_xlfn.IFS(M5>=N5*1.2,"Alto",M5>=N5*0.8,"Medio", TRUE(),"BAJO") -> Alto
A6: 5 | B6: 46145 | C6: W Radio | D6: Instagram | E6: Historia | F6: 84821 | G6: 3114 | H6: 124 | I6: 84 | J6: 500 | K6: =VLOOKUP(D6,Tabla_Redes!$A$2:$D$5,2,0) -> Sofía Nava | L6: =_xlfn.XLOOKUP(D6,Tabla_Redes!A:A,Tabla_Redes!C:C) -> 8000 | M6: =G6/F6 -> 0.036712607 | N6: =VLOOKUP(D6,Tabla_Redes!$A$2:$D$5,4,0) -> 0.035 | O6: =IF(G6>=L6,"si","no") -> no | P6: =_xlfn.IFS(M6>=N6*1.2,"Alto",M6>=N6*0.8,"Medio", TRUE(),"BAJO") -> Medio
A7: 6 | B7: 46182 | C7: LOS40 | D7: TikTok | E7: Video Corto | F7: 69030 | G7: 4046 | H7: 302 | I7: 171 | J7: 1500 | K7: =VLOOKUP(D7,Tabla_Redes!$A$2:$D$5,2,0) -> Diego Marín | L7: =_xlfn.XLOOKUP(D7,Tabla_Redes!A:A,Tabla_Redes!C:C) -> 12000 | M7: =G7/F7 -> 0.058612198 | N7: =VLOOKUP(D7,Tabla_Redes!$A$2:$D$5,4,0) -> 0.055 | O7: =IF(G7>=L7,"si","no") -> no | P7: =_xlfn.IFS(M7>=N7*1.2,"Alto",M7>=N7*0.8,"Medio", TRUE(),"BAJO") -> Medio
A8: 7 | B8: 46037 | C8: La KeBuena | D8: Facebook | E8: Post | F8: 310891 | G8: 6053 | H8: 268 | I8: 368 | J8: 1000 | K8: =VLOOKUP(D8,Tabla_Redes!$A$2:$D$5,2,0) -> Renata Cruz | L8: =_xlfn.XLOOKUP(D8,Tabla_Redes!A:A,Tabla_Redes!C:C) -> 4000 | M8: =G8/F8 -> 0.019469846 | N8: =VLOOKUP(D8,Tabla_Redes!$A$2:$D$5,4,0) -> 0.02 | O8: =IF(G8>=L8,"si","no") -> si | P8: =_xlfn.IFS(M8>=N8*1.2,"Alto",M8>=N8*0.8,"Medio", TRUE(),"BAJO") -> Medio
A9: 8 | B9: 46074 | C9: W Deportes | D9: X | E9: Hilo | F9: 259109 | G9: 15265 | H9: 942 | I9: 579 | J9: 3000 | K9: =VLOOKUP(D9,Tabla_Redes!$A$2:$D$5,2,0) -> Pablo Islas | L9: =_xlfn.XLOOKUP(D9,Tabla_Redes!A:A,Tabla_Redes!C:C) -> 3000 | M9: =G9/F9 -> 0.05891343 | N9: =VLOOKUP(D9,Tabla_Redes!$A$2:$D$5,4,0) -> 0.018 | O9: =IF(G9>=L9,"si","no") -> si | P9: =_xlfn.IFS(M9>=N9*1.2,"Alto",M9>=N9*0.8,"Medio", TRUE(),"BAJO") -> Alto
A10: 9 | B10: 46084 | C10: W Radio | D10: Instagram | E10: Reel | F10: 142976 | G10: 3022 | H10: 154 | I10: 150 | J10: 500 | K10: =VLOOKUP(D10,Tabla_Redes!$A$2:$D$5,2,0) -> Sofía Nava | L10: =_xlfn.XLOOKUP(D10,Tabla_Redes!A:A,Tabla_Redes!C:C) -> 8000 | M10: =G10/F10 -> 0.021136415 | N10: =VLOOKUP(D10,Tabla_Redes!$A$2:$D$5,4,0) -> 0.035 | O10: =IF(G10>=L10,"si","no") -> no | P10: =_xlfn.IFS(M10>=N10*1.2,"Alto",M10>=N10*0.8,"Medio", TRUE(),"BAJO") -> BAJO
A11: 10 | B11: 46121 | C11: LOS40 | D11: TikTok | E11: Live | F11: 165962 | G11: 10069 | H11: 353 | I11: 510 | J11: 0 | K11: =VLOOKUP(D11,Tabla_Redes!$A$2:$D$5,2,0) -> Diego Marín | L11: =_xlfn.XLOOKUP(D11,Tabla_Redes!A:A,Tabla_Redes!C:C) -> 12000 | M11: =G11/F11 -> 0.060670515 | N11: =VLOOKUP(D11,Tabla_Redes!$A$2:$D$5,4,0) -> 0.055 | O11: =IF(G11>=L11,"si","no") -> no | P11: =_xlfn.IFS(M11>=N11*1.2,"Alto",M11>=N11*0.8,"Medio", TRUE(),"BAJO") -> Medio
A12: 11 | B12: 46157 | C12: La KeBuena | D12: Facebook | E12: Video | F12: 94683 | G12: 8047 | H12: 478 | I12: 625 | J12: 0 | K12: =VLOOKUP(D12,Tabla_Redes!$A$2:$D$5,2,0) -> Renata Cruz | L12: =_xlfn.XLOOKUP(D12,Tabla_Redes!A:A,Tabla_Redes!C:C) -> 4000 | M12: =G12/F12 -> 0.084988858 | N12: =VLOOKUP(D12,Tabla_Redes!$A$2:$D$5,4,0) -> 0.02 | O12: =IF(G12>=L12,"si","no") -> si | P12: =_xlfn.IFS(M12>=N12*1.2,"Alto",M12>=N12*0.8,"Medio", TRUE(),"BAJO") -> Alto
A13: 12 | B13: 46194 | C13: W Deportes | D13: X | E13: Hilo | F13: 193322 | G13: 12981 | H13: 929 | I13: 711 | J13: 1000 | K13: =VLOOKUP(D13,Tabla_Redes!$A$2:$D$5,2,0) -> Pablo Islas | L13: =_xlfn.XLOOKUP(D13,Tabla_Redes!A:A,Tabla_Redes!C:C) -> 3000 | M13: =G13/F13 -> 0.06714704 | N13: =VLOOKUP(D13,Tabla_Redes!$A$2:$D$5,4,0) -> 0.018 | O13: =IF(G13>=L13,"si","no") -> si | P13: =_xlfn.IFS(M13>=N13*1.2,"Alto",M13>=N13*0.8,"Medio", TRUE(),"BAJO") -> Alto
... A31: 30 | B31: 46182 | C31: LOS40 | D31: TikTok | E31: Live | F31: 91861 | G31: 6132 | H31: 576 | I31: 401 | J31: 500 | K31: =VLOOKUP(D31,Tabla_Redes!$A$2:$D$5,2,0) -> Diego Marín | L31: =_xlfn.XLOOKUP(D31,Tabla_Redes!A:A,Tabla_Redes!C:C) -> 12000 | M31: =G31/F31 -> 0.066753029 | N31: =VLOOKUP(D31,Tabla_Redes!$A$2:$D$5,4,0) -> 0.055 | O31: =IF(G31>=L31,"si","no") -> no | P31: =_xlfn.IFS(M31>=N31*1.2,"Alto",M31>=N31*0.8,"Medio", TRUE(),"BAJO") -> Alto
A33: Amarillo = celdas para completar con tu propia fórmula.

Sheet Soluciones
A1: ID | B1: Fecha | C1: Marca | D1: Red_Social | E1: Tipo_Contenido | F1: Alcance | G1: Interacciones | H1: Comentarios | I1: Compartidos | J1: Presupuesto_Boost | K1: Responsable | L1: Meta_Interacciones | M1: Engagement_Rate | N1: Objetivo_Engagement | O1: Cumplió_Meta | P1: Nivel_Desempeño
A2: 1 | B2: 46025 | C2: W Radio | D2: Instagram | E2: Post | F2: 94088 | G2: 4197 | H2: 140 | I2: 290 | J2: 0 | K2: =VLOOKUP(D2,Tabla_Redes!$A$2:$D$5,2,FALSE()) -> Sofía Nava | L2: =INDEX(Tabla_Redes!$C$2:$C$5,MATCH(D2,Tabla_Redes!$A$2:$A$5,0)) -> 8000 | M2: =G2/F2 -> 0.044607176 | N2: =VLOOKUP(D2,Tabla_Redes!$A$2:$D$5,4,FALSE()) -> 0.035 | O2: =IF(G2>=L2,"Sí","No") -> No | P2: =_xlfn.IFS(M2>=N2*1.2,"Alto",M2>=N2*0.8,"Medio",TRUE(),"Bajo") -> Alto
A3: 2 | B3: 46062 | C3: LOS40 | D3: TikTok | E3: Live | F3: 45408 | G3: 3779 | H3: 170 | I3: 95 | J3: 1000 | K3: =VLOOKUP(D3,Tabla_Redes!$A$2:$D$5,2,FALSE()) -> Diego Marín | L3: =INDEX(Tabla_Redes!$C$2:$C$5,MATCH(D3,Tabla_Redes!$A$2:$A$5,0)) -> 12000 | M3: =G3/F3 -> 0.083223221 | N3: =VLOOKUP(D3,Tabla_Redes!$A$2:$D$5,4,FALSE()) -> 0.055 | O3: =IF(G3>=L3,"Sí","No") -> No | P3: =_xlfn.IFS(M3>=N3*1.2,"Alto",M3>=N3*0.8,"Medio",TRUE(),"Bajo") -> Alto
A4: 3 | B4: 46096 | C4: La KeBuena | D4: Facebook | E4: Post | F4: 141176 | G4: 3078 | H4: 183 | I4: 214 | J4: 0 | K4: =VLOOKUP(D4,Tabla_Redes!$A$2:$D$5,2,FALSE()) -> Renata Cruz | L4: =INDEX(Tabla_Redes!$C$2:$C$5,MATCH(D4,Tabla_Redes!$A$2:$A$5,0)) -> 4000 | M4: =G4/F4 -> 0.021802573 | N4: =VLOOKUP(D4,Tabla_Redes!$A$2:$D$5,4,FALSE()) -> 0.02 | O4: =IF(G4>=L4,"Sí","No") -> No | P4: =_xlfn.IFS(M4>=N4*1.2,"Alto",M4>=N4*0.8,"Medio",TRUE(),"Bajo") -> Medio
A5: 4 | B5: 46133 | C5: W Deportes | D5: X | E5: Post | F5: 47433 | G5: 2764 | H5: 159 | I5: 217 | J5: 0 | K5: =VLOOKUP(D5,Tabla_Redes!$A$2:$D$5,2,FALSE()) -> Pablo Islas | L5: =INDEX(Tabla_Redes!$C$2:$C$5,MATCH(D5,Tabla_Redes!$A$2:$A$5,0)) -> 3000 | M5: =G5/F5 -> 0.058271667 | N5: =VLOOKUP(D5,Tabla_Redes!$A$2:$D$5,4,FALSE()) -> 0.018 | O5: =IF(G5>=L5,"Sí","No") -> No | P5: =_xlfn.IFS(M5>=N5*1.2,"Alto",M5>=N5*0.8,"Medio",TRUE(),"Bajo") -> Alto
A6: 5 | B6: 46145 | C6: W Radio | D6: Instagram | E6: Historia | F6: 84821 | G6: 3114 | H6: 124 | I6: 84 | J6: 500 | K6: =VLOOKUP(D6,Tabla_Redes!$A$2:$D$5,2,FALSE()) -> Sofía Nava | L6: =INDEX(Tabla_Redes!$C$2:$C$5,MATCH(D6,Tabla_Redes!$A$2:$A$5,0)) -> 8000 | M6: =G6/F6 -> 0.036712607 | N6: =VLOOKUP(D6,Tabla_Redes!$A$2:$D$5,4,FALSE()) -> 0.035 | O6: =IF(G6>=L6,"Sí","No") -> No | P6: =_xlfn.IFS(M6>=N6*1.2,"Alto",M6>=N6*0.8,"Medio",TRUE(),"Bajo") -> Medio
A7: 6 | B7: 46182 | C7: LOS40 | D7: TikTok | E7: Video Corto | F7: 69030 | G7: 4046 | H7: 302 | I7: 171 | J7: 1500 | K7: =VLOOKUP(D7,Tabla_Redes!$A$2:$D$5,2,FALSE()) -> Diego Marín | L7: =INDEX(Tabla_Redes!$C$2:$C$5,MATCH(D7,Tabla_Redes!$A$2:$A$5,0)) -> 12000 | M7: =G7/F7 -> 0.058612198 | N7: =VLOOKUP(D7,Tabla_Redes!$A$2:$D$5,4,FALSE()) -> 0.055 | O7: =IF(G7>=L7,"Sí","No") -> No | P7: =_xlfn.IFS(M7>=N7*1.2,"Alto",M7>=N7*0.8,"Medio",TRUE(),"Bajo") -> Medio
A8: 7 | B8: 46037 | C8: La KeBuena | D8: Facebook | E8: Post | F8: 310891 | G8: 6053 | H8: 268 | I8: 368 | J8: 1000 | K8: =VLOOKUP(D8,Tabla_Redes!$A$2:$D$5,2,FALSE()) -> Renata Cruz | L8: =INDEX(Tabla_Redes!$C$2:$C$5,MATCH(D8,Tabla_Redes!$A$2:$A$5,0)) -> 4000 | M8: =G8/F8 -> 0.019469846 | N8: =VLOOKUP(D8,Tabla_Redes!$A$2:$D$5,4,FALSE()) -> 0.02 | O8: =IF(G8>=L8,"Sí","No") -> Sí | P8: =_xlfn.IFS(M8>=N8*1.2,"Alto",M8>=N8*0.8,"Medio",TRUE(),"Bajo") -> Medio
A9: 8 | B9: 46074 | C9: W Deportes | D9: X | E9: Hilo | F9: 259109 | G9: 15265 | H9: 942 | I9: 579 | J9: 3000 | K9: =VLOOKUP(D9,Tabla_Redes!$A$2:$D$5,2,FALSE()) -> Pablo Islas | L9: =INDEX(Tabla_Redes!$C$2:$C$5,MATCH(D9,Tabla_Redes!$A$2:$A$5,0)) -> 3000 | M9: =G9/F9 -> 0.05891343 | N9: =VLOOKUP(D9,Tabla_Redes!$A$2:$D$5,4,FALSE()) -> 0.018 | O9: =IF(G9>=L9,"Sí","No") -> Sí | P9: =_xlfn.IFS(M9>=N9*1.2,"Alto",M9>=N9*0.8,"Medio",TRUE(),"Bajo") -> Alto
A10: 9 | B10: 46084 | C10: W Radio | D10: Instagram | E10: Reel | F10: 142976 | G10: 3022 | H10: 154 | I10: 150 | J10: 500 | K10: =VLOOKUP(D10,Tabla_Redes!$A$2:$D$5,2,FALSE()) -> Sofía Nava | L10: =INDEX(Tabla_Redes!$C$2:$C$5,MATCH(D10,Tabla_Redes!$A$2:$A$5,0)) -> 8000 | M10: =G10/F10 -> 0.021136415 | N10: =VLOOKUP(D10,Tabla_Redes!$A$2:$D$5,4,FALSE()) -> 0.035 | O10: =IF(G10>=L10,"Sí","No") -> No | P10: =_xlfn.IFS(M10>=N10*1.2,"Alto",M10>=N10*0.8,"Medio",TRUE(),"Bajo") -> Bajo
A11: 10 | B11: 46121 | C11: LOS40 | D11: TikTok | E11: Live | F11: 165962 | G11: 10069 | H11: 353 | I11: 510 | J11: 0 | K11: =VLOOKUP(D11,Tabla_Redes!$A$2:$D$5,2,FALSE()) -> Diego Marín | L11: =INDEX(Tabla_Redes!$C$2:$C$5,MATCH(D11,Tabla_Redes!$A$2:$A$5,0)) -> 12000 | M11: =G11/F11 -> 0.060670515 | N11: =VLOOKUP(D11,Tabla_Redes!$A$2:$D$5,4,FALSE()) -> 0.055 | O11: =IF(G11>=L11,"Sí","No") -> No | P11: =_xlfn.IFS(M11>=N11*1.2,"Alto",M11>=N11*0.8,"Medio",TRUE(),"Bajo") -> Medio
A12: 11 | B12: 46157 | C12: La KeBuena | D12: Facebook | E12: Video | F12: 94683 | G12: 8047 | H12: 478 | I12: 625 | J12: 0 | K12: =VLOOKUP(D12,Tabla_Redes!$A$2:$D$5,2,FALSE()) -> Renata Cruz | L12: =INDEX(Tabla_Redes!$C$2:$C$5,MATCH(D12,Tabla_Redes!$A$2:$A$5,0)) -> 4000 | M12: =G12/F12 -> 0.084988858 | N12: =VLOOKUP(D12,Tabla_Redes!$A$2:$D$5,4,FALSE()) -> 0.02 | O12: =IF(G12>=L12,"Sí","No") -> Sí | P12: =_xlfn.IFS(M12>=N12*1.2,"Alto",M12>=N12*0.8,"Medio",TRUE(),"Bajo") -> Alto
A13: 12 | B13: 46194 | C13: W Deportes | D13: X | E13: Hilo | F13: 193322 | G13: 12981 | H13: 929 | I13: 711 | J13: 1000 | K13: =VLOOKUP(D13,Tabla_Redes!$A$2:$D$5,2,FALSE()) -> Pablo Islas | L13: =INDEX(Tabla_Redes!$C$2:$C$5,MATCH(D13,Tabla_Redes!$A$2:$A$5,0)) -> 3000 | M13: =G13/F13 -> 0.06714704 | N13: =VLOOKUP(D13,Tabla_Redes!$A$2:$D$5,4,FALSE()) -> 0.018 | O13: =IF(G13>=L13,"Sí","No") -> Sí | P13: =_xlfn.IFS(M13>=N13*1.2,"Alto",M13>=N13*0.8,"Medio",TRUE(),"Bajo") -> Alto
... A31: 30 | B31: 46182 | C31: LOS40 | D31: TikTok | E31: Live | F31: 91861 | G31: 6132 | H31: 576 | I31: 401 | J31: 500 | K31: =VLOOKUP(D31,Tabla_Redes!$A$2:$D$5,2,FALSE()) -> Diego Marín | L31: =INDEX(Tabla_Redes!$C$2:$C$5,MATCH(D31,Tabla_Redes!$A$2:$A$5,0)) -> 12000 | M31: =G31/F31 -> 0.066753029 | N31: =VLOOKUP(D31,Tabla_Redes!$A$2:$D$5,4,FALSE()) -> 0.055 | O31: =IF(G31>=L31,"Sí","No") -> No | P31: =_xlfn.IFS(M31>=N31*1.2,"Alto",M31>=N31*0.8,"Medio",TRUE(),"Bajo") -> Alto
A33: Estas son fórmulas de referencia. Intenta resolverlo tú primero en la hoja 'Ejercicios' antes de mirar aquí.
