Workbook

Sheet Instrucciones
B2: Práctica de Excel — Semana 1
B4: Objetivo de la semana: dominar BUSCARV, el equivalente a BUSCARX con INDEX+COINCIDIR, tablas dinámicas, SI y SI.CONJUNTO usando un caso realista de campañas de radio.
B6: Cómo usar este archivo:
B7: 1. Ve a la hoja 'Datos': ahí están las 30 campañas de ejemplo (como si fueran de W Radio, LOS40, La KeBuena y W Deportes).
B8: 2. Ve a la hoja 'Tabla_Marcas': es tu tabla de referencia (encargado, meta y objetivo de CTR por marca).
B9: 3. Ve a la hoja 'Ejercicios': tiene las mismas 30 filas de Datos, más 6 columnas en amarillo que debes completar tú con fórmulas.
B10: 4. Cuando termines (o si te atoras), revisa la hoja 'Soluciones' para comparar tu fórmula con una que sí funciona.
B12: Qué hace cada columna amarilla de 'Ejercicios':
B13: • Encargado (BUSCARV): busca en Tabla_Marcas el nombre del encargado según la Marca de esa fila. Pista: BUSCARV( valor_buscado ; Tabla_Marcas!A:D ; columna_2 ; FALSO )
B14: • Meta_Mensual_Presupuesto (BUSCARX): en Excel/Google Sheets moderno usarías BUSCARX. Como práctica alternativa (funciona en cualquier versión) usa INDEX + COINCIDIR: INDEX( Tabla_Marcas columna meta ; COINCIDIR( Marca ; Tabla_Marcas columna marca ; 0 ) ). Si tu Excel sí tiene BUSCARX, pruébalo también — el resultado debe ser igual.
B15: • CTR: es Clics dividido entre Impresiones. Fórmula simple de división, sin buscar nada.
B16: • Objetivo_CTR (BUSCARV otra vez): repite el ejercicio de BUSCARV pero trayendo el objetivo de CTR de esa marca, para reforzar.
... B29: Día 5: construye la tabla dinámica y escribe en 2-3 líneas qué marca/región tuvo el mejor desempeño — esa es la clase de conclusión que vas a presentar en la oficina.

Sheet Datos
A1: ID | B1: Fecha | C1: Marca | D1: Campaña | E1: Presupuesto_Asignado | F1: Gasto_Real | G1: Impresiones | H1: Clics | I1: Conversiones | J1: Región
A2: 1 | B2: 46025 | C2: W Radio | D2: Noticias Fin de Semana | E2: 40000 | F2: 37400 | G2: 133158 | H2: 3418 | I2: 368 | J2: CDMX
A3: 2 | B3: 46062 | C3: LOS40 | D3: Playlist Verano | E3: 20000 | F3: 17200 | G3: 174629 | H3: 2372 | I3: 237 | J3: Online
A4: 3 | B4: 46096 | C4: La KeBuena | D4: Aniversario KeBuena | E4: 35000 | F4: 35300 | G4: 205852 | H4: 5645 | I4: 229 | J4: Online
A5: 4 | B5: 46133 | C5: W Deportes | D5: Especial Mundial | E5: 45000 | F5: 42600 | G5: 172886 | H5: 5354 | I5: 394 | J5: Online
A6: 5 | B6: 46145 | C6: W Radio | D6: Noticias Fin de Semana | E6: 25000 | F6: 24400 | G6: 240331 | H6: 5404 | I6: 652 | J6: Online
A7: 6 | B7: 46182 | C7: LOS40 | D7: Regreso a Clases | E7: 50000 | F7: 43900 | G7: 213709 | H7: 5963 | I7: 607 | J7: CDMX
A8: 7 | B8: 46037 | C8: La KeBuena | D8: Fiesta Grande | E8: 25000 | F8: 21700 | G8: 179484 | H8: 4765 | I8: 660 | J8: Guadalajara
A9: 8 | B9: 46074 | C9: W Deportes | D9: Especial Mundial | E9: 50000 | F9: 47400 | G9: 393281 | H9: 11019 | I9: 619 | J9: CDMX
A10: 9 | B10: 46084 | C10: W Radio | D10: Podcast Semanal | E10: 40000 | F10: 43800 | G10: 418375 | H10: 9853 | I10: 994 | J10: Guadalajara
A11: 10 | B11: 46121 | C11: LOS40 | D11: Maratón Musical | E11: 30000 | F11: 30400 | G11: 201530 | H11: 6398 | I11: 665 | J11: Guadalajara
A12: 11 | B12: 46157 | C12: La KeBuena | D12: Aniversario KeBuena | E12: 20000 | F12: 18600 | G12: 76829 | H12: 2099 | I12: 168 | J12: Monterrey
A13: 12 | B13: 46194 | C13: W Deportes | D13: Copa Deportiva | E13: 45000 | F13: 41600 | G13: 321740 | H13: 5628 | I13: 739 | J13: Guadalajara
... A31: 30 | B31: 46182 | C31: LOS40 | D31: Maratón Musical | E31: 30000 | F31: 29900 | G31: 206037 | H31: 3935 | I31: 501 | J31: Online

Sheet Tabla_Marcas
A1: Marca | B1: Encargado | C1: Meta_Mensual_Presupuesto | D1: Objetivo_CTR
A2: W Radio | B2: Ana Torres | C2: 150000 | D2: 0.02
A3: LOS40 | B3: Carlos Ruiz | C3: 120000 | D3: 0.025
A4: La KeBuena | B4: Marta Gómez | C4: 90000 | D4: 0.018
A5: W Deportes | B5: Luis Peña | C5: 100000 | D5: 0.022

Sheet Ejercicios
A1: ID | B1: Fecha | C1: Marca | D1: Campaña | E1: Presupuesto_Asignado | F1: Gasto_Real | G1: Impresiones | H1: Clics | I1: Conversiones | J1: Región | K1: Encargado | L1: Meta_Mensual_Presupuesto | M1: CTR | N1: Objetivo_CTR | O1: Cumplió_Presupuesto | P1: Nivel_Rendimiento
A2: 1 | B2: 46025 | C2: W Radio | D2: Noticias Fin de Semana | E2: 40000 | F2: 37400 | G2: 133158 | H2: 3418 | I2: 368 | J2: CDMX | K2: =VLOOKUP(C2,Tabla_Marcas!$A$2:$D$5,2,0) -> Ana Torres | L2: =_xlfn.XLOOKUP(Tabla_Marcas!A:A, Instrucciones!C16) -> #VALUE!
A3: 2 | B3: 46062 | C3: LOS40 | D3: Playlist Verano | E3: 20000 | F3: 17200 | G3: 174629 | H3: 2372 | I3: 237 | J3: Online | K3: =VLOOKUP(C3,Tabla_Marcas!$A$2:$D$5,2,0) -> Carlos Ruiz
A4: 3 | B4: 46096 | C4: La KeBuena | D4: Aniversario KeBuena | E4: 35000 | F4: 35300 | G4: 205852 | H4: 5645 | I4: 229 | J4: Online | K4: =VLOOKUP(C4,Tabla_Marcas!$A$2:$D$5,2,0) -> Marta Gómez
A5: 4 | B5: 46133 | C5: W Deportes | D5: Especial Mundial | E5: 45000 | F5: 42600 | G5: 172886 | H5: 5354 | I5: 394 | J5: Online | K5: =VLOOKUP(C5,Tabla_Marcas!$A$2:$D$5,2,0) -> Luis Peña
A6: 5 | B6: 46145 | C6: W Radio | D6: Noticias Fin de Semana | E6: 25000 | F6: 24400 | G6: 240331 | H6: 5404 | I6: 652 | J6: Online | K6: =VLOOKUP(C6,Tabla_Marcas!$A$2:$D$5,2,0) -> Ana Torres
A7: 6 | B7: 46182 | C7: LOS40 | D7: Regreso a Clases | E7: 50000 | F7: 43900 | G7: 213709 | H7: 5963 | I7: 607 | J7: CDMX | K7: =VLOOKUP(C7,Tabla_Marcas!$A$2:$D$5,2,0) -> Carlos Ruiz
A8: 7 | B8: 46037 | C8: La KeBuena | D8: Fiesta Grande | E8: 25000 | F8: 21700 | G8: 179484 | H8: 4765 | I8: 660 | J8: Guadalajara | K8: =VLOOKUP(C8,Tabla_Marcas!$A$2:$D$5,2,0) -> Marta Gómez
A9: 8 | B9: 46074 | C9: W Deportes | D9: Especial Mundial | E9: 50000 | F9: 47400 | G9: 393281 | H9: 11019 | I9: 619 | J9: CDMX | K9: =VLOOKUP(C9,Tabla_Marcas!$A$2:$D$5,2,0) -> Luis Peña
A10: 9 | B10: 46084 | C10: W Radio | D10: Podcast Semanal | E10: 40000 | F10: 43800 | G10: 418375 | H10: 9853 | I10: 994 | J10: Guadalajara | K10: =VLOOKUP(C10,Tabla_Marcas!$A$2:$D$5,2,0) -> Ana Torres
A11: 10 | B11: 46121 | C11: LOS40 | D11: Maratón Musical | E11: 30000 | F11: 30400 | G11: 201530 | H11: 6398 | I11: 665 | J11: Guadalajara | K11: =VLOOKUP(C11,Tabla_Marcas!$A$2:$D$5,2,0) -> Carlos Ruiz
A12: 11 | B12: 46157 | C12: La KeBuena | D12: Aniversario KeBuena | E12: 20000 | F12: 18600 | G12: 76829 | H12: 2099 | I12: 168 | J12: Monterrey | K12: =VLOOKUP(C12,Tabla_Marcas!$A$2:$D$5,2,0) -> Marta Gómez
A13: 12 | B13: 46194 | C13: W Deportes | D13: Copa Deportiva | E13: 45000 | F13: 41600 | G13: 321740 | H13: 5628 | I13: 739 | J13: Guadalajara | K13: =VLOOKUP(C13,Tabla_Marcas!$A$2:$D$5,2,0) -> Luis Peña
A14: 13 | B14: 46025 | C14: W Radio | D14: Verano Informativo | E14: 40000 | F14: 36000 | G14: 450588 | H14: 9675 | I14: 641 | J14: Guadalajara | K14: =VLOOKUP(C14,Tabla_Marcas!$A$2:$D$5,2,0) -> Ana Torres
... A31: 30 | B31: 46182 | C31: LOS40 | D31: Maratón Musical | E31: 30000 | F31: 29900 | G31: 206037 | H31: 3935 | I31: 501 | J31: Online | K31: =VLOOKUP(C31,Tabla_Marcas!$A$2:$D$5,2,0) -> Carlos Ruiz
A33: Amarillo = celdas para completar con tu propia fórmula.

Sheet Soluciones
A1: ID | B1: Fecha | C1: Marca | D1: Campaña | E1: Presupuesto_Asignado | F1: Gasto_Real | G1: Impresiones | H1: Clics | I1: Conversiones | J1: Región | K1: Encargado | L1: Meta_Mensual_Presupuesto | M1: CTR | N1: Objetivo_CTR | O1: Cumplió_Presupuesto | P1: Nivel_Rendimiento
A2: 1 | B2: 46025 | C2: W Radio | D2: Noticias Fin de Semana | E2: 40000 | F2: 37400 | G2: 133158 | H2: 3418 | I2: 368 | J2: CDMX | K2: =VLOOKUP(C2,Tabla_Marcas!$A$2:$D$5,2,FALSE()) -> Ana Torres | L2: =_xlfn.XLOOKUP(C2, Tabla_Marcas!$A$2:$A$5, Tabla_Marcas!$C$2:$C$5) -> 150000 | M2: =H2/G2 -> 0.025668754 | N2: =VLOOKUP(C2,Tabla_Marcas!$A$2:$D$5,4,FALSE()) -> 0.02 | O2: =IF(F2<=E2,"Sí","No") -> Sí | P2: =_xlfn.IFS(M2>=N2*1.2,"Alto",M2>=N2*0.8,"Medio",TRUE(),"Bajo") -> Alto
A3: 2 | B3: 46062 | C3: LOS40 | D3: Playlist Verano | E3: 20000 | F3: 17200 | G3: 174629 | H3: 2372 | I3: 237 | J3: Online | K3: =VLOOKUP(C3,Tabla_Marcas!$A$2:$D$5,2,FALSE()) -> Carlos Ruiz | L3: =_xlfn.XLOOKUP(C3, Tabla_Marcas!$A$2:$A$5, Tabla_Marcas!$C$2:$C$5) -> 120000 | M3: =H3/G3 -> 0.013583082 | N3: =VLOOKUP(C3,Tabla_Marcas!$A$2:$D$5,4,FALSE()) -> 0.025 | O3: =IF(F3<=E3,"Sí","No") -> Sí | P3: =_xlfn.IFS(M3>=N3*1.2,"Alto",M3>=N3*0.8,"Medio",TRUE(),"Bajo") -> Bajo
A4: 3 | B4: 46096 | C4: La KeBuena | D4: Aniversario KeBuena | E4: 35000 | F4: 35300 | G4: 205852 | H4: 5645 | I4: 229 | J4: Online | K4: =VLOOKUP(C4,Tabla_Marcas!$A$2:$D$5,2,FALSE()) -> Marta Gómez | L4: =_xlfn.XLOOKUP(C4, Tabla_Marcas!$A$2:$A$5, Tabla_Marcas!$C$2:$C$5) -> 90000 | M4: =H4/G4 -> 0.027422614 | N4: =VLOOKUP(C4,Tabla_Marcas!$A$2:$D$5,4,FALSE()) -> 0.018 | O4: =IF(F4<=E4,"Sí","No") -> No | P4: =_xlfn.IFS(M4>=N4*1.2,"Alto",M4>=N4*0.8,"Medio",TRUE(),"Bajo") -> Alto
A5: 4 | B5: 46133 | C5: W Deportes | D5: Especial Mundial | E5: 45000 | F5: 42600 | G5: 172886 | H5: 5354 | I5: 394 | J5: Online | K5: =VLOOKUP(C5,Tabla_Marcas!$A$2:$D$5,2,FALSE()) -> Luis Peña | L5: =_xlfn.XLOOKUP(C5, Tabla_Marcas!$A$2:$A$5, Tabla_Marcas!$C$2:$C$5) -> 100000 | M5: =H5/G5 -> 0.030968384 | N5: =VLOOKUP(C5,Tabla_Marcas!$A$2:$D$5,4,FALSE()) -> 0.022 | O5: =IF(F5<=E5,"Sí","No") -> Sí | P5: =_xlfn.IFS(M5>=N5*1.2,"Alto",M5>=N5*0.8,"Medio",TRUE(),"Bajo") -> Alto
A6: 5 | B6: 46145 | C6: W Radio | D6: Noticias Fin de Semana | E6: 25000 | F6: 24400 | G6: 240331 | H6: 5404 | I6: 652 | J6: Online | K6: =VLOOKUP(C6,Tabla_Marcas!$A$2:$D$5,2,FALSE()) -> Ana Torres | L6: =_xlfn.XLOOKUP(C6, Tabla_Marcas!$A$2:$A$5, Tabla_Marcas!$C$2:$C$5) -> 150000 | M6: =H6/G6 -> 0.022485655 | N6: =VLOOKUP(C6,Tabla_Marcas!$A$2:$D$5,4,FALSE()) -> 0.02 | O6: =IF(F6<=E6,"Sí","No") -> Sí | P6: =_xlfn.IFS(M6>=N6*1.2,"Alto",M6>=N6*0.8,"Medio",TRUE(),"Bajo") -> Medio
A7: 6 | B7: 46182 | C7: LOS40 | D7: Regreso a Clases | E7: 50000 | F7: 43900 | G7: 213709 | H7: 5963 | I7: 607 | J7: CDMX | K7: =VLOOKUP(C7,Tabla_Marcas!$A$2:$D$5,2,FALSE()) -> Carlos Ruiz | L7: =_xlfn.XLOOKUP(C7, Tabla_Marcas!$A$2:$A$5, Tabla_Marcas!$C$2:$C$5) -> 120000 | M7: =H7/G7 -> 0.027902428 | N7: =VLOOKUP(C7,Tabla_Marcas!$A$2:$D$5,4,FALSE()) -> 0.025 | O7: =IF(F7<=E7,"Sí","No") -> Sí | P7: =_xlfn.IFS(M7>=N7*1.2,"Alto",M7>=N7*0.8,"Medio",TRUE(),"Bajo") -> Medio
A8: 7 | B8: 46037 | C8: La KeBuena | D8: Fiesta Grande | E8: 25000 | F8: 21700 | G8: 179484 | H8: 4765 | I8: 660 | J8: Guadalajara | K8: =VLOOKUP(C8,Tabla_Marcas!$A$2:$D$5,2,FALSE()) -> Marta Gómez | L8: =_xlfn.XLOOKUP(C8, Tabla_Marcas!$A$2:$A$5, Tabla_Marcas!$C$2:$C$5) -> 90000 | M8: =H8/G8 -> 0.026548327 | N8: =VLOOKUP(C8,Tabla_Marcas!$A$2:$D$5,4,FALSE()) -> 0.018 | O8: =IF(F8<=E8,"Sí","No") -> Sí | P8: =_xlfn.IFS(M8>=N8*1.2,"Alto",M8>=N8*0.8,"Medio",TRUE(),"Bajo") -> Alto
A9: 8 | B9: 46074 | C9: W Deportes | D9: Especial Mundial | E9: 50000 | F9: 47400 | G9: 393281 | H9: 11019 | I9: 619 | J9: CDMX | K9: =VLOOKUP(C9,Tabla_Marcas!$A$2:$D$5,2,FALSE()) -> Luis Peña | L9: =_xlfn.XLOOKUP(C9, Tabla_Marcas!$A$2:$A$5, Tabla_Marcas!$C$2:$C$5) -> 100000 | M9: =H9/G9 -> 0.028018135 | N9: =VLOOKUP(C9,Tabla_Marcas!$A$2:$D$5,4,FALSE()) -> 0.022 | O9: =IF(F9<=E9,"Sí","No") -> Sí | P9: =_xlfn.IFS(M9>=N9*1.2,"Alto",M9>=N9*0.8,"Medio",TRUE(),"Bajo") -> Alto
A10: 9 | B10: 46084 | C10: W Radio | D10: Podcast Semanal | E10: 40000 | F10: 43800 | G10: 418375 | H10: 9853 | I10: 994 | J10: Guadalajara | K10: =VLOOKUP(C10,Tabla_Marcas!$A$2:$D$5,2,FALSE()) -> Ana Torres | L10: =_xlfn.XLOOKUP(C10, Tabla_Marcas!$A$2:$A$5, Tabla_Marcas!$C$2:$C$5) -> 150000 | M10: =H10/G10 -> 0.023550642 | N10: =VLOOKUP(C10,Tabla_Marcas!$A$2:$D$5,4,FALSE()) -> 0.02 | O10: =IF(F10<=E10,"Sí","No") -> No | P10: =_xlfn.IFS(M10>=N10*1.2,"Alto",M10>=N10*0.8,"Medio",TRUE(),"Bajo") -> Medio
A11: 10 | B11: 46121 | C11: LOS40 | D11: Maratón Musical | E11: 30000 | F11: 30400 | G11: 201530 | H11: 6398 | I11: 665 | J11: Guadalajara | K11: =VLOOKUP(C11,Tabla_Marcas!$A$2:$D$5,2,FALSE()) -> Carlos Ruiz | L11: =_xlfn.XLOOKUP(C11, Tabla_Marcas!$A$2:$A$5, Tabla_Marcas!$C$2:$C$5) -> 120000 | M11: =H11/G11 -> 0.031747134 | N11: =VLOOKUP(C11,Tabla_Marcas!$A$2:$D$5,4,FALSE()) -> 0.025 | O11: =IF(F11<=E11,"Sí","No") -> No | P11: =_xlfn.IFS(M11>=N11*1.2,"Alto",M11>=N11*0.8,"Medio",TRUE(),"Bajo") -> Alto
A12: 11 | B12: 46157 | C12: La KeBuena | D12: Aniversario KeBuena | E12: 20000 | F12: 18600 | G12: 76829 | H12: 2099 | I12: 168 | J12: Monterrey | K12: =VLOOKUP(C12,Tabla_Marcas!$A$2:$D$5,2,FALSE()) -> Marta Gómez | L12: =_xlfn.XLOOKUP(C12, Tabla_Marcas!$A$2:$A$5, Tabla_Marcas!$C$2:$C$5) -> 90000 | M12: =H12/G12 -> 0.027320413 | N12: =VLOOKUP(C12,Tabla_Marcas!$A$2:$D$5,4,FALSE()) -> 0.018 | O12: =IF(F12<=E12,"Sí","No") -> Sí | P12: =_xlfn.IFS(M12>=N12*1.2,"Alto",M12>=N12*0.8,"Medio",TRUE(),"Bajo") -> Alto
A13: 12 | B13: 46194 | C13: W Deportes | D13: Copa Deportiva | E13: 45000 | F13: 41600 | G13: 321740 | H13: 5628 | I13: 739 | J13: Guadalajara | K13: =VLOOKUP(C13,Tabla_Marcas!$A$2:$D$5,2,FALSE()) -> Luis Peña | L13: =_xlfn.XLOOKUP(C13, Tabla_Marcas!$A$2:$A$5, Tabla_Marcas!$C$2:$C$5) -> 100000 | M13: =H13/G13 -> 0.017492385 | N13: =VLOOKUP(C13,Tabla_Marcas!$A$2:$D$5,4,FALSE()) -> 0.022 | O13: =IF(F13<=E13,"Sí","No") -> Sí | P13: =_xlfn.IFS(M13>=N13*1.2,"Alto",M13>=N13*0.8,"Medio",TRUE(),"Bajo") -> Bajo
... A31: 30 | B31: 46182 | C31: LOS40 | D31: Maratón Musical | E31: 30000 | F31: 29900 | G31: 206037 | H31: 3935 | I31: 501 | J31: Online | K31: =VLOOKUP(C31,Tabla_Marcas!$A$2:$D$5,2,FALSE()) -> Carlos Ruiz | L31: =_xlfn.XLOOKUP(C31, Tabla_Marcas!$A$2:$A$5, Tabla_Marcas!$C$2:$C$5) -> 120000 | M31: =H31/G31 -> 0.019098511 | N31: =VLOOKUP(C31,Tabla_Marcas!$A$2:$D$5,4,FALSE()) -> 0.025 | O31: =IF(F31<=E31,"Sí","No") -> Sí | P31: =_xlfn.IFS(M31>=N31*1.2,"Alto",M31>=N31*0.8,"Medio",TRUE(),"Bajo") -> Bajo
A33: Estas son fórmulas de referencia. Intenta resolverlo tú primero en la hoja 'Ejercicios' antes de mirar aquí.
