Workbook

Sheet Instrucciones y Retos
A1: ¡Bienvenido a tu primer reto, Fer!
J2: 0.12
A3: Tu objetivo es modelar y analizar estas pautas. Completa los siguientes retos:
A5: 1. Fundamentos: Las hojas 'DimAnunciantes' y 'FactCampañas' tienen datos crudos. Conviértelos en Tablas de Excel formales (Ctrl+T).
A6: 2. Cruce de Datos (BUSCARX): En 'FactCampañas', agrega 3 columnas nuevas y trae Marca, Sector y Ejecutivo desde 'DimAnunciantes' usando ID_Anunciante.
A7: 3. Automatización ($): Escribe el % de comisión de agencia (ej. 12%) en la celda J2 de esta hoja. Crea una columna 'Comisión' en la Fact, calculándola con referencia absoluta ($).
A8: 4. Lógica (SI): Crea una columna 'Clasificación' en la Fact. Si la inversión > 80,000, es 'Premium', de lo contrario 'Estándar'.
A9: 5. Agregaciones: En celdas vacías, usa SUMAR.SI (SUMIFS) para sumar la Inversión total que cayó únicamente en la estación 'Los 40'.
A10: 6. Tablas Dinámicas: Inserta una Tabla Dinámica en una nueva hoja. Analiza Inversión por Sector (Filas) y Estación (Columnas).
A11: 7. Data Viz: Añade un Gráfico de Barras agrupadas conectado a la tabla. Limpia el ruido visual y añade etiquetas de datos.

Sheet DimAnunciantes
A1: ID_Anunciante | B1: Marca | C1: Sector | D1: Ejecutivo_Asignado
A2: A001 | B2: Coca-Cola | C2: Bebidas | D2: Roberto M.
A3: A002 | B3: Nissan | C3: Automotriz | D3: Laura T.
A4: A003 | B4: Spotify | C4: Entretenimiento | D4: Roberto M.
A5: A004 | B5: Telcel | C5: Telecomunicaciones | D5: Carlos V.
A6: A005 | B6: Bimbo | C6: Alimentos | D6: Laura T.
A7: A006 | B7: Netflix | C7: Entretenimiento | D7: Carlos V.
A8: A007 | B8: Banorte | C8: Finanzas | D8: Roberto M.
A9: A008 | B9: Cinépolis | C9: Entretenimiento | D9: Laura T.
A10: A009 | B10: Samsung | C10: Electrónica | D10: Carlos V.
A11: A010 | B11: Uber | C11: Tecnología | D11: Roberto M.

Sheet FactCampañas
A1: ID_Campaña | B1: Fecha | C1: ID_Anunciante | D1: Estacion | E1: Formato | F1: Inversion_MXN | G1: Impactos_Estimados | H1: MARCA | I1: SECTOR | J1: EJECUTIVO | K1: COMISION | L1: CLASIFICACION | Q1: Los 40
A2: CMP-165 | B2: 2026-08-01 | C2: A003 | D2: Ke Buena | E2: Patrocinio | F2: 78000 | G2: 158621 | H2: {=XLOOKUP(C2,DimAnunciantes!$A$2:$A$11,DimAnunciantes!$B$2:D$11)} -> Spotify | I2: Entretenimiento | J2: Roberto M. | K2: =F2*'Instrucciones y Retos'!$J$2 -> 9360 | L2: =IF(F2>80000,"PREMIUM","ESTANDAR") -> ESTANDAR | Q2: =SUMIF(D2:D85,"Los 40",F2:F85) -> 1836000
A3: CMP-174 | B3: 2026-08-01 | C3: A009 | D3: W Radio | E3: Entrevista | F3: 125000 | G3: 204993 | H3: {=XLOOKUP(C3,DimAnunciantes!$A$2:$A$11,DimAnunciantes!$B$2:D$11)} -> Samsung | I3: Electrónica | J3: Carlos V. | K3: =F3*'Instrucciones y Retos'!$J$2 -> 15000 | L3: =IF(F3>80000,"PREMIUM","ESTANDAR") -> PREMIUM
A4: CMP-132 | B4: 2026-08-01 | C4: A002 | D4: Los 40 | E4: Mención | F4: 32000 | G4: 105946 | H4: {=XLOOKUP(C4,DimAnunciantes!$A$2:$A$11,DimAnunciantes!$B$2:D$11)} -> Nissan | I4: Automotriz | J4: Laura T. | K4: =F4*'Instrucciones y Retos'!$J$2 -> 3840 | L4: =IF(F4>80000,"PREMIUM","ESTANDAR") -> ESTANDAR
A5: CMP-114 | B5: 2026-08-02 | C5: A006 | D5: Radiópolis (Multicadena) | E5: Entrevista | F5: 31000 | G5: 59580 | H5: {=XLOOKUP(C5,DimAnunciantes!$A$2:$A$11,DimAnunciantes!$B$2:D$11)} -> Netflix | I5: Entretenimiento | J5: Carlos V. | K5: =F5*'Instrucciones y Retos'!$J$2 -> 3720 | L5: =IF(F5>80000,"PREMIUM","ESTANDAR") -> ESTANDAR
A6: CMP-162 | B6: 2026-08-02 | C6: A005 | D6: Ke Buena | E6: Spot 30s | F6: 106000 | G6: 203536 | H6: {=XLOOKUP(C6,DimAnunciantes!$A$2:$A$11,DimAnunciantes!$B$2:D$11)} -> Bimbo | I6: Alimentos | J6: Laura T. | K6: =F6*'Instrucciones y Retos'!$J$2 -> 12720 | L6: =IF(F6>80000,"PREMIUM","ESTANDAR") -> PREMIUM
A7: CMP-103 | B7: 2026-08-03 | C7: A004 | D7: W Radio | E7: Cápsula | F7: 21000 | G7: 55072 | H7: {=XLOOKUP(C7,DimAnunciantes!$A$2:$A$11,DimAnunciantes!$B$2:D$11)} -> Telcel | I7: Telecomunicaciones | J7: Carlos V. | K7: =F7*'Instrucciones y Retos'!$J$2 -> 2520 | L7: =IF(F7>80000,"PREMIUM","ESTANDAR") -> ESTANDAR
A8: CMP-126 | B8: 2026-08-04 | C8: A006 | D8: Ke Buena | E8: Mención | F8: 29000 | G8: 57470 | H8: {=XLOOKUP(C8,DimAnunciantes!$A$2:$A$11,DimAnunciantes!$B$2:D$11)} -> Netflix | I8: Entretenimiento | J8: Carlos V. | K8: =F8*'Instrucciones y Retos'!$J$2 -> 3480 | L8: =IF(F8>80000,"PREMIUM","ESTANDAR") -> ESTANDAR
A9: CMP-122 | B9: 2026-08-04 | C9: A009 | D9: Ke Buena | E9: Entrevista | F9: 43000 | G9: 89741 | H9: {=XLOOKUP(C9,DimAnunciantes!$A$2:$A$11,DimAnunciantes!$B$2:D$11)} -> Samsung | I9: Electrónica | J9: Carlos V. | K9: =F9*'Instrucciones y Retos'!$J$2 -> 5160 | L9: =IF(F9>80000,"PREMIUM","ESTANDAR") -> ESTANDAR
A10: CMP-138 | B10: 2026-08-04 | C10: A004 | D10: W Radio | E10: Mención | F10: 129000 | G10: 229667 | H10: {=XLOOKUP(C10,DimAnunciantes!$A$2:$A$11,DimAnunciantes!$B$2:D$11)} -> Telcel | I10: Telecomunicaciones | J10: Carlos V. | K10: =F10*'Instrucciones y Retos'!$J$2 -> 15480 | L10: =IF(F10>80000,"PREMIUM","ESTANDAR") -> PREMIUM
A11: CMP-153 | B11: 2026-08-05 | C11: A006 | D11: Los 40 | E11: Mención | F11: 109000 | G11: 225627 | H11: {=XLOOKUP(C11,DimAnunciantes!$A$2:$A$11,DimAnunciantes!$B$2:D$11)} -> Netflix | I11: Entretenimiento | J11: Carlos V. | K11: =F11*'Instrucciones y Retos'!$J$2 -> 13080 | L11: =IF(F11>80000,"PREMIUM","ESTANDAR") -> PREMIUM
A12: CMP-147 | B12: 2026-08-06 | C12: A002 | D12: Los 40 | E12: Mención | F12: 118000 | G12: 205293 | H12: {=XLOOKUP(C12,DimAnunciantes!$A$2:$A$11,DimAnunciantes!$B$2:D$11)} -> Nissan | I12: Automotriz | J12: Laura T. | K12: =F12*'Instrucciones y Retos'!$J$2 -> 14160 | L12: =IF(F12>80000,"PREMIUM","ESTANDAR") -> PREMIUM
A13: CMP-123 | B13: 2026-08-06 | C13: A008 | D13: Los 40 | E13: Entrevista | F13: 143000 | G13: 432421 | H13: {=XLOOKUP(C13,DimAnunciantes!$A$2:$A$11,DimAnunciantes!$B$2:D$11)} -> Cinépolis | I13: Entretenimiento | J13: Laura T. | K13: =F13*'Instrucciones y Retos'!$J$2 -> 17160 | L13: =IF(F13>80000,"PREMIUM","ESTANDAR") -> PREMIUM
A14: CMP-139 | B14: 2026-08-06 | C14: A005 | D14: Radiópolis (Multicadena) | E14: Mención | F14: 34000 | G14: 81132 | H14: {=XLOOKUP(C14,DimAnunciantes!$A$2:$A$11,DimAnunciantes!$B$2:D$11)} -> Bimbo | I14: Alimentos | J14: Laura T. | K14: =F14*'Instrucciones y Retos'!$J$2 -> 4080 | L14: =IF(F14>80000,"PREMIUM","ESTANDAR") -> ESTANDAR
... A85: CMP-145 | B85: 2026-08-31 | C85: A001 | D85: Los 40 | E85: Entrevista | F85: 29000 | G85: 46408 | H85: {=XLOOKUP(C85,DimAnunciantes!$A$2:$A$11,DimAnunciantes!$B$2:D$11)} -> Coca-Cola | I85: Bebidas | J85: Roberto M. | K85: =F85*'Instrucciones y Retos'!$J$2 -> 3480 | L85: =IF(F85>80000,"PREMIUM","ESTANDAR") -> ESTANDAR

Sheet Tabla dinámica 1
