Workbook

Sheet Instrucciones
A1: ¡Tercer Round, Fer! Prueba de Fuego 🔥
J2: 0.3
A3: Eres el Analista de Datos de una distribuidora internacional de videojuegos.
A4: Tu objetivo es armar el reporte de exportaciones sin ayuda. Mide tu tiempo:
A6: 1. Estructura: Convierte 'Catálogo' y 'Exportaciones' en Tablas de Excel formales.
A7: 2. Cruce de Datos (BUSCARX): En 'Exportaciones', trae el Título, Género y Precio_USD usando el ID_Juego.
A8: 3. Cálculo Básico: Crea la columna 'Venta_Bruta_USD' (Unidades * Precio_USD).
A9: 4. Variables Estáticas ($): En la celda J2 de esta hoja, escribe el % de tarifa de plataforma (ej. 30%).
A10: Crea la columna 'Tarifa_Plataforma' en Exportaciones calculando este % sobre la Venta Bruta (usa F4).
A11: 5. Venta Neta: Crea la columna 'Ingreso_Neto_USD' (Venta Bruta - Tarifa).
A12: 6. Lógica Condicional (SI): Crea la columna 'Volumen'. Si las unidades superan las 50, es 'Alto Volumen', si no, 'Retail'.
A13: 7. Agregaciones (El test de ayer):
A14: - a) ¿Cuántas UNIDADES FÍSICAS en total se enviaron a 'Japón'?
A15: - b) ¿Cuántas TRANSACCIONES (tickets/envíos) se hicieron hacia 'México'?
A16: 8. Data Viz: Tabla dinámica de 'Ingreso_Neto_USD' por 'País_Destino' (Filas) y 'Género' (Columnas). Gráfico de barras limpio.

Sheet Catálogo
A1: ID_Juego | B1: Titulo | C1: Genero | D1: Estudio | E1: Precio_USD
A2: J-001 | B2: Eco's Adventure | C2: Plataformas | D2: Indie Pixel | E2: 15
A3: J-002 | B3: Hero's Academia Z | C3: Peleas | D3: Shonen Games | E3: 59.99
A4: J-003 | B4: Pirate King Quest | C4: RPG | D4: Grand Line Studios | E4: 49.99
A5: J-004 | B5: Speed Moto 250z | C5: Carreras | D5: Biker Games | E5: 29.99
A6: J-005 | B6: Soccer Lock 2027 | C6: Deportes | D6: Blue Vision | E6: 69.99
A7: J-006 | B7: Dark Swordsman | C7: Acción | D7: Eclipse | E7: 39.99
A8: J-007 | B8: Urban Street Wear | C8: Simulación | D8: City Trends | E8: 19.99
A9: J-008 | B9: Chess Grandmaster | C9: Estrategia | D9: Mind Games | E9: 9.99

Sheet Exportaciones
A1: ID_Transaccion | B1: Fecha | C1: ID_Juego | D1: Pais_Destino | E1: Unidades | F1: Titulo | G1: Genero | H1: Estudio | I1: Precio | J1: Venta Bruta | K1: Tarifa de Plataforma | L1: Ingreso Neto | M1: Volumen | Q1: Japon | R1: Tickets mx
A2: TRX-1126 | B2: 2026-01-01 | C2: J-005 | D2: Estados Unidos | E2: 27 | F2: {=XLOOKUP(C2,DimJuegos[ID_Juego],DimJuegos[[Titulo]:[Precio_USD]])} -> Soccer Lock 2027 | G2: Deportes | H2: Blue Vision | I2: 69.99 | J2: =E2*I2 -> 1889.73 | K2: =J2*Instrucciones!$J$2 -> 566.919 | L2: =J2-K2 -> 1322.811 | M2: =IF(E2>50,"Alto Volumen","Retail") -> Retail | Q2: =SUMIF(D$2:$D$151,"Japón",E$1:$E$151) -> 1483 | R2: =COUNTIF(D2:D151,"México") -> 31
A3: TRX-1095 | B3: 2026-01-01 | C3: J-006 | D3: Japón | E3: 82 | F3: {=XLOOKUP(C3,DimJuegos[ID_Juego],DimJuegos[[Titulo]:[Precio_USD]])} -> Dark Swordsman | G3: Acción | H3: Eclipse | I3: 39.99 | J3: =E3*I3 -> 3279.18 | K3: =J3*Instrucciones!$J$2 -> 983.754 | L3: =J3-K3 -> 2295.426 | M3: =IF(E3>50,"Alto Volumen","Retail") -> Alto Volumen
A4: TRX-1053 | B4: 2026-01-02 | C4: J-002 | D4: México | E4: 30 | F4: {=XLOOKUP(C4,DimJuegos[ID_Juego],DimJuegos[[Titulo]:[Precio_USD]])} -> Hero's Academia Z | G4: Peleas | H4: Shonen Games | I4: 59.99 | J4: =E4*I4 -> 1799.7 | K4: =J4*Instrucciones!$J$2 -> 539.91 | L4: =J4-K4 -> 1259.79 | M4: =IF(E4>50,"Alto Volumen","Retail") -> Retail
A5: TRX-1110 | B5: 2026-01-07 | C5: J-004 | D5: España | E5: 43 | F5: {=XLOOKUP(C5,DimJuegos[ID_Juego],DimJuegos[[Titulo]:[Precio_USD]])} -> Speed Moto 250z | G5: Carreras | H5: Biker Games | I5: 29.99 | J5: =E5*I5 -> 1289.57 | K5: =J5*Instrucciones!$J$2 -> 386.871 | L5: =J5-K5 -> 902.699 | M5: =IF(E5>50,"Alto Volumen","Retail") -> Retail
A6: TRX-1113 | B6: 2026-01-08 | C6: J-002 | D6: Estados Unidos | E6: 23 | F6: {=XLOOKUP(C6,DimJuegos[ID_Juego],DimJuegos[[Titulo]:[Precio_USD]])} -> Hero's Academia Z | G6: Peleas | H6: Shonen Games | I6: 59.99 | J6: =E6*I6 -> 1379.77 | K6: =J6*Instrucciones!$J$2 -> 413.931 | L6: =J6-K6 -> 965.839 | M6: =IF(E6>50,"Alto Volumen","Retail") -> Retail
A7: TRX-1004 | B7: 2026-01-09 | C7: J-001 | D7: México | E7: 28 | F7: {=XLOOKUP(C7,DimJuegos[ID_Juego],DimJuegos[[Titulo]:[Precio_USD]])} -> Eco's Adventure | G7: Plataformas | H7: Indie Pixel | I7: 15 | J7: =E7*I7 -> 420 | K7: =J7*Instrucciones!$J$2 -> 126 | L7: =J7-K7 -> 294 | M7: =IF(E7>50,"Alto Volumen","Retail") -> Retail
A8: TRX-1023 | B8: 2026-01-09 | C8: J-006 | D8: España | E8: 35 | F8: {=XLOOKUP(C8,DimJuegos[ID_Juego],DimJuegos[[Titulo]:[Precio_USD]])} -> Dark Swordsman | G8: Acción | H8: Eclipse | I8: 39.99 | J8: =E8*I8 -> 1399.65 | K8: =J8*Instrucciones!$J$2 -> 419.895 | L8: =J8-K8 -> 979.755 | M8: =IF(E8>50,"Alto Volumen","Retail") -> Retail
A9: TRX-1099 | B9: 2026-01-10 | C9: J-006 | D9: Colombia | E9: 71 | F9: {=XLOOKUP(C9,DimJuegos[ID_Juego],DimJuegos[[Titulo]:[Precio_USD]])} -> Dark Swordsman | G9: Acción | H9: Eclipse | I9: 39.99 | J9: =E9*I9 -> 2839.29 | K9: =J9*Instrucciones!$J$2 -> 851.787 | L9: =J9-K9 -> 1987.503 | M9: =IF(E9>50,"Alto Volumen","Retail") -> Alto Volumen
A10: TRX-1079 | B10: 2026-01-11 | C10: J-002 | D10: España | E10: 85 | F10: {=XLOOKUP(C10,DimJuegos[ID_Juego],DimJuegos[[Titulo]:[Precio_USD]])} -> Hero's Academia Z | G10: Peleas | H10: Shonen Games | I10: 59.99 | J10: =E10*I10 -> 5099.15 | K10: =J10*Instrucciones!$J$2 -> 1529.745 | L10: =J10-K10 -> 3569.405 | M10: =IF(E10>50,"Alto Volumen","Retail") -> Alto Volumen
A11: TRX-1066 | B11: 2026-01-13 | C11: J-001 | D11: México | E11: 97 | F11: {=XLOOKUP(C11,DimJuegos[ID_Juego],DimJuegos[[Titulo]:[Precio_USD]])} -> Eco's Adventure | G11: Plataformas | H11: Indie Pixel | I11: 15 | J11: =E11*I11 -> 1455 | K11: =J11*Instrucciones!$J$2 -> 436.5 | L11: =J11-K11 -> 1018.5 | M11: =IF(E11>50,"Alto Volumen","Retail") -> Alto Volumen
A12: TRX-1074 | B12: 2026-01-13 | C12: J-008 | D12: Colombia | E12: 68 | F12: {=XLOOKUP(C12,DimJuegos[ID_Juego],DimJuegos[[Titulo]:[Precio_USD]])} -> Chess Grandmaster | G12: Estrategia | H12: Mind Games | I12: 9.99 | J12: =E12*I12 -> 679.32 | K12: =J12*Instrucciones!$J$2 -> 203.796 | L12: =J12-K12 -> 475.524 | M12: =IF(E12>50,"Alto Volumen","Retail") -> Alto Volumen
A13: TRX-1032 | B13: 2026-01-17 | C13: J-007 | D13: España | E13: 77 | F13: {=XLOOKUP(C13,DimJuegos[ID_Juego],DimJuegos[[Titulo]:[Precio_USD]])} -> Urban Street Wear | G13: Simulación | H13: City Trends | I13: 19.99 | J13: =E13*I13 -> 1539.23 | K13: =J13*Instrucciones!$J$2 -> 461.769 | L13: =J13-K13 -> 1077.461 | M13: =IF(E13>50,"Alto Volumen","Retail") -> Alto Volumen
A14: TRX-1051 | B14: 2026-01-17 | C14: J-006 | D14: México | E14: 76 | F14: {=XLOOKUP(C14,DimJuegos[ID_Juego],DimJuegos[[Titulo]:[Precio_USD]])} -> Dark Swordsman | G14: Acción | H14: Eclipse | I14: 39.99 | J14: =E14*I14 -> 3039.24 | K14: =J14*Instrucciones!$J$2 -> 911.772 | L14: =J14-K14 -> 2127.468 | M14: =IF(E14>50,"Alto Volumen","Retail") -> Alto Volumen
... A151: TRX-1097 | B151: 2026-06-30 | C151: J-007 | D151: Colombia | E151: 2 | F151: {=XLOOKUP(C151,DimJuegos[ID_Juego],DimJuegos[[Titulo]:[Precio_USD]])} -> Urban Street Wear | G151: Simulación | H151: City Trends | I151: 19.99 | J151: =E151*I151 -> 39.98 | K151: =J151*Instrucciones!$J$2 -> 11.994 | L151: =J151-K151 -> 27.986 | M151: =IF(E151>50,"Alto Volumen","Retail") -> Retail

Sheet Tabla dinámica 1
